<?xml version="1.0" encoding="UTF-8"?>
<!--
  When updating your version of GWT, you should also update this DTD reference,
  so that your app can take advantage of the latest GWT module capabilities.
-->
<!DOCTYPE module PUBLIC "-//Google Inc.//DTD Google Web Toolkit 2.5.0//EN"
  "http://google-web-toolkit.googlecode.com/svn/tags/2.5.0/distro-source/core/src/gwt-module.dtd">
<module rename-to='caroonline'>
  <!-- Inherit the core Web Toolkit stuff.                        -->
  <inherits name='com.google.gwt.user.User'/>
  <inherits name="com.googlecode.mgwt.MGWT" />
  <inherits name='com.googlecode.gwtphonegap.PhoneGap' />
  
 <set-property name="user.agent" value="safari,gecko1_8" />
  <collapse-property name="mobile.user.agent" values="*"/>
  <set-property name="mgwt.os" value="android" />
  <!--<collapse-property name="mgwt.os" values="android, android_tablet"/>-->
  <set-property name="phonegap.env" value="yes"/>
  <add-linker name="xsiframe"/>
  
  <entry-point class='caroonline.client.CaroOnline'/>

  <source path='client'/>
  <source path='shared'/>

</module>
